赵,Zhao,Chao,Chiu,Chio,Chow,Teoh/Chew/Tiew,Trieu,Jo/Cho
钱,Qian,Chien,Chin,Chin,Zee,Chien/Chen,Tien,Joen/Chun
孙,Sun,Sun,Suen,Sun,Soon,Soon/Sun/Shun/Song,Ton,Son
李,Li,Li/Lee,Li/Lee,Lei,Lee,Lee/Li,Ly,Lee/Rhee/Yi
周,Zhou,Chou,Chow/Chau,Chao,Chew,Chew/Cheu/Chou/Chow/Chiew,Chu,Ju/Chu
吴,Wu,Wu,Ng,Ng,Goh,Ng/Goh/Ngo/Ngu,Ngo,Oh
郑,Zheng,Cheng,Cheng,Cheang,Tay,Ching/Tang/Tey/Tay/Tee/Teh/Cheng/Chin/Chang/Chung/Chiang,Trinh
王,Wang,Wang,Wong,Vong/Wong,Ong/Wong,Ong/Ng/Wong/Wang/Bong/Heng,Vuong,Wang
冯,Feng,Feng,Fung,Fong,,Foong/Fung/Fong,Phung,Pung
陈,Chen,Chen,Chan,Chan,Tan/Chan/Ting,Chan/Chin/Chen/Tan/Tang/Ting/Sin,Tran,Jin/Chin
褚,Chu,Chu,Chu,Chu,,Too/Toh
卫,Wei,Wei,Wai,Wai,,Wee/Wei,Vi,Ui/Oui
蒋,Jiang,Chiang,Cheung,Cheong,,Chiang/Cheong/Chiong,Tuong,Jang/Chang
沈,Shen,Shen,Shum/Sum,Sam,Sim,Sim/Shim/Shun/Shum,,Sim
韩,Han,Han,Hon,Hon,,Hon/Hong,Han,Han
杨,Yang,Yang,Yeung,Ieong,Yeo/Yong,Yong/Yeo/Yeoh/Eow/Yeong/Yew,Duong,Yang
朱,Zhu,Chu,Chu,Chu,Choo,Chu/Choo/Jee/Jeh,Chau,Chu/Joo
秦,Qin,Chin,Chun,,,Chin/Ch'ng,Tan,Jin/Chin
尤,You,Yu,Yau,Iao,,Yew/You,Vuu
许,Xu,Hsu,Hui,Hoi,Hee/Koh,Khu/Khoo/Khor/Khow/Hoo/Hooi/Khaw/Hii,Hu,Heo/Huh
何,He,Ho,Ho,Ho,Hoh,Ho/Hoh/Hor,Ha,Ha
吕,Lu,Lu,Lui,Loi,,Loh/Lei/Lui/Lee,La/Lu,Yeo/Ryeo
施,Shi,Shih,Sze,Si,,See/Sii/Sih
张,Zhang,Chang,Cheung,Cheong,Cheong,Cheong/Chong/Teo/Chang/Teoh/Tiong,Truong,Jang/Chang
孔,Kong,Kung,Hung,Hong,,Kong/Khong/Kung,Khong,Gong/Kong
曹,Cao,Tsao,Cho/Tso,Chou,,Cheng/Choo/Cho/Chu/Chao,Tao,Cho/Jo
严,Yan,Yen,Yim,Im,,Yam/Ngim,Nghiem,Im
华,Hua,Hua,Wa/Wah,Wa,Hoa,Wha/Wah/Wa
金,Jin,Chin,Kam,Kam,,Kim/King,Kim,Kim
魏,Wei,Wei,Ngai,Ngai,,Ngui/Gui/Woi,Nguy,Ui/Oui
陶,Tao,Tao,To,Tou,,Tho/To/Too/Toh,Dao,Do/To
姜,Jiang,Chiang,Keung,Keong,,Khiang/Kiang,Giang,Kang/Gang
戚,Qi,Chi,Chik,Chek,,,,Cheok
谢,Xie,Hsieh,Tse,Che,Cheah/Tay/Chia,Cheah/Chiah/Chia/Seah/Sia/See,Ta,Sa
邹,Zou,Tsou,Chau/Chow,Chao,Chew/Chou/Chu
喻,Yu,Yu,Yu,U,,Yu/Yho/Yuh,,You/Yu
柏,Bai,Pai,Pak,Pak
水,Shui,Shui,Sui,Soi,,Shu/Tshui
窦,Dou,Tou,Tau,Tao
章,Zhang,Chang,Cheung,Cheong,,Cheong/Chong/Teo/Tiong/Tong
云,Yun,Yun,Wan,Wan,,Woon/Wun/Yun/Yung
苏,Su,Su,So,Sou,Soh,Soh/Saw/Soo,To
潘,Pan,Pan,Poon/Pun,Pun,Phua,Phua/Pan/Pang/Phang,Phan,Ban
葛,Ge,Ko,Kot,,,,,Gal
奚,Xi,Hsi,Hai,Kai,,,,Hae
范,Fan,Fan,Fan,Fan,,Fung/Fam/Fang/Hwang,Pham,Bum
彭,Peng,Peng,Pang,Pang,Pang,Peng/Pang/Phang,,Paeng
郎,Lang,Lang,Long,Long,,,Lang
鲁,Lu,Lu,Lo,Lou,Loo,Loo/Loh/Lu,,Noh
韦,Wei,Wei,Wai,Wai,,Wai/Wei/Vei,Vi
昌,Chang,Chang,Cheung,Cheong,,Cheong/Chang/Cang,Xuong
马,Ma,Ma,Ma,Ma,,Beh/Mah/Mha/Ma,Ma,Ma
苗,Miao,Miao,Miu,Mio
凤,Feng,Feng,Fung,Fong,,Fong
花,Hua,Hua,Fa,Fa,,Faa/Fah/Fha,Hoa
方,Fang,Fang,Fong,Fong,,Pung/Fang/Fong/Phun/Huong,Phuong,Bang
俞,Yu,Yu,Yu,U,,Je/Yii,,You/Yu
任,Ren,Jen,Yam,Iam,,Yam/Ngam/Yim/Ngieng/Ngiam,Nham,Rim/Yim
袁,Yuan,Yuan,Yuen,Un/Iun,,Yuan/Yuen/Ngen,Vien,Won
柳,Liu,Liu,Lau,Lao,,Liew/Liu/Lew,Lieu,You/Yu/Ryu
酆,Feng,Feng,Fung,Fong
鲍,Bao,Pao,Pau,Pao
史,Shi,Shih,Sze,Si,,,,Sa
唐,Tang,Tang,Tong,Tong,,Thang/Thong/Tang/Tong/Thong,Duong
费,Pei,Pei,Pei,Pai
廉,Lian,Lien,Lim,Lim
岑,Cen,Tsen,Sum/Shum,Sam,Sim
薛,Xue,Hsueh,Sit,Sit,,Sik/Sit/Silk,,Seol/Sul
雷,Lei,Lei,Lui,Loi,,Lui/Looi/Lewe/Lei
贺,He,Ho,Ho,Ho,,Hor/Hoo
倪,Ni,Ni,Ngai,Ngai,,Geh/Nga/Ngam
汤,Tang,Tang,Tong,Tong,,Thong/Tang/Thang
滕,Teng,Teng,Tang,Tang,,,Thang
殷,Yin,Yin,Yan,Ian,,Yam/Ngam
罗,Luo,Lo,Law/Lo,Lo,,Lo/Lau/Low/Loh,La,Rah/Na
毕,Bi,Pi,But,Pat,,,Tat
郝,Hao,Hao,Kok
邬,Wu,Wu,Wu,Vu/Wu,,Woo/Voo/Woh/Wu/Vu,O
安,An,An,On,On,,,An,An/Ahn
常,Chang,Chang,Sheung,Seong
乐,Yue,Yueh,Lok/Ok,Lok/Ok
于,Yu,Yu,Yu,U
时,Shi,Shih,See/Sze,Si
傅,Fu,Fu,Foo,Fu,,Fu/Foo/Foh
皮,Pi,Pi,Pei,Pei
卞,Bian,Pien,Pin,Pin,,,,Byun
齐,Qi,Chi,Chai,Chai
康,Kang,Kang,Hong,Hong,,,,Gang/Kang
伍,Wu,Wu,Ng,Ng,Ng,Ng/Ngo/Ngoh/Wu/Wuh/Woo
余,Yu,Yu,Yu,U,,Yee/Tsia/Tse
元,Yuan,Yuan,Yuen,Un/Iun
卜,Bu,Pu,Puk,,,Pok/Puu
顾,Gu,Ku,Koo,Ku,,Koe
孟,Meng,Meng,Mang,Mang,,Mang/Meng,,Maeng
平,Ping,Ping,Ping,Peng
黄,Huang,Huang,Wong,Vong/Wong,,Bong/Boong/Ng/Ong/Ooi/Wong/Wee,,Hwang
和,He,Ho,Wo,Vo,,Hoo/Woh/Woo/Wo,,Hwa
穆,Mu,Mu,Muk
萧,Xiao,Hsiao,Shiu/Siu,Sio,,Seow/Siew/Siau/Siaw/Sew/Siu/Seu
尹,Yin,Yin,Wan,Wan,,,,Yoon
姚,Yao,Yao,Yiu,Io,Yeo,Yeo/Yeoh/Yew/Yow
邵,Shao,Shao,Siu/Shiu,Sio,Shaw,Shao/Shaw/Sao/Shau
湛,Zhan,Chan,Cham
汪,Wang,Wang,Wong,Vong/Wong,,Wang/Wong/Vang
祁,Qi,Chi,Kei
毛,Mao,Mao,Mo,Mou,,Bo/Boo/Moh/Moo,,Mo
禹,Yu,Yu,Yu,U
狄,Di,Ti,Tik/Dick,Tek
米,Mi,Mi,Mai,Mai
贝,Bei,Pei,Pui,Pui
明,Ming,Ming,Ming,Meng,,,,Myeong/Myung
臧,Zang,Tsang,Chong
计,Ji,Chi,Kai,Kai
伏,Fu,Fu,Fuk,Fok
成,Cheng,Cheng,Shing/Sing,Seng,,Sang/Shang//Tshan/Tshang,,Sung/Seong
戴,Dai,Tai,Tai,Tai,,Tai/Thai/Dai/Dhai
谈,Tan,Tan,Tam,Tam
宋,Song,Sung,Sung,Song,Song,Shong/Song/Sung,,Song
茅,Mao,Mao,Mau,Mao
庞,Pang,Pang,Pong,Pong,,Phong/Pong/Pang